case,family,crossings,case_count,engine,runs,avg_time_seconds,avg_time_per_case_seconds,avg_peak_rss_mib,return_codes,correctness
batch,mixed,13943,100,cpp,1,118.66977420001058,1.1866977420001057,26.12890625,0,ok
batch,mixed,13943,100,interface,1,226.3603948999953,2.263603948999953,62.625,0,ok
batch,mixed,13943,100,python,1,258.1098925999977,2.581098925999977,533.48828125,0,ok
