case,family,crossings,case_count,engine,runs,avg_time_seconds,avg_time_per_case_seconds,avg_peak_rss_mib,return_codes,correctness
batch,mixed,13943,100,cpp,1,134.60027380000247,1.3460027380000248,13.26953125,0,ok
batch,mixed,13943,100,interface,1,197.00655749999714,1.9700655749999714,84.640625,0,ok
batch,mixed,13943,100,python,1,599.4071278999982,5.994071278999981,458.36328125,0,ok
