case,family,crossings,case_count,engine,runs,avg_time_seconds,avg_time_per_case_seconds,avg_peak_rss_mib,return_codes,correctness
batch,mixed,13943,100,cpp,1,9.66867859987542,0.0966867859987542,6.4296875,0,ok
batch,mixed,13943,100,interface,1,115.67871770006604,1.1567871770006604,61.62109375,0,ok
batch,mixed,13943,100,python,1,69.16330759995617,0.6916330759995617,413.359375,0,ok
