case,family,crossings,case_count,engine,repeat,time_seconds,avg_time_per_case_seconds,peak_rss_mib,return_code
batch,mixed,1373,10,cpp,1,9.126375300111249,0.9126375300111249,5.96484375,0
batch,mixed,1373,10,interface,1,8.861625999910757,0.8861625999910757,31.12890625,0
batch,mixed,1373,10,python,1,86.12555400002748,8.612555400002748,27.7890625,0
