case,family,crossings,case_count,engine,repeat,time_seconds,avg_time_per_case_seconds,peak_rss_mib,return_code
batch,mixed,90,8,cpp,1,1.1391466001514345,0.14239332501892932,5.37109375,0
batch,mixed,90,8,interface,1,1.2505454001948237,0.15631817502435297,30.83203125,0
batch,mixed,90,8,python,1,7.915733000030741,0.9894666250038426,27.15234375,0
batch,mixed,90,8,cpp,2,1.1347131000366062,0.14183913750457577,5.40625,0
batch,mixed,90,8,interface,2,1.247393999947235,0.15592424999340437,30.50390625,0
batch,mixed,90,8,python,2,8.01970270019956,1.002462837524945,27.15234375,0
batch,mixed,90,8,cpp,3,1.077226199908182,0.13465327498852275,5.47265625,0
batch,mixed,90,8,interface,3,1.2233124000485986,0.15291405000607483,30.60546875,0
batch,mixed,90,8,python,3,7.910671199904755,0.9888338999880943,27.16796875,0
